topic_id,num_posts,mean_sentiment,median_sentiment,sentiment_std,mean_engagement,topic_label,topic_keywords,topic_severity
50,6,0.3682561640938123,0.25150416791439056,0.46426999315322454,1.0,"50: moderator, mods, mod, complaints, sub, reddithelp, feedback, posting, subreddit, rules","moderator, mods, mod, complaints, sub, reddithelp, feedback, posting, subreddit, rules",0.6235118859592589
48,7,0.16493218072823115,0.21630826592445374,0.44402902361925056,1.0,"48: night, overnight, evening, midnight, late, fenway, service, around, ridership, transport","night, overnight, evening, midnight, late, fenway, service, around, ridership, transport",0.27925445678360794
35,8,0.07048955513164401,0.07198092713952065,0.45728986095383123,1.0,"35: transportation, rebuilding, gbh, governor, progress, crisis, failures, management, healey, discussion","transportation, rebuilding, gbh, governor, progress, crisis, failures, management, healey, discussion",0.11934919153006789
30,10,0.06118284408003092,0.10991087555885315,0.33225239340763923,1.0,"30: monorail, busway, route, bridge, street, mt, junction, lexington, map, branch","monorail, busway, route, bridge, street, mt, junction, lexington, map, branch",0.10359155995274309
36,8,0.006446583196520805,-0.02479541301727295,0.39617732678367557,1.0,"36: stadium, foxboro, ubering, gillette, attend, schedule, parking, concert, saturday, go","stadium, foxboro, ubering, gillette, attend, schedule, parking, concert, saturday, go",0.010915014163434322
33,9,-0.0219250511791971,0.09335062652826309,0.6101302736319811,1.0,"33: eng, gm, riders, leadership, agency, baker, appointees, improvement, readers, phillip","eng, gm, riders, leadership, agency, baker, appointees, improvement, readers, phillip",-0.037122338587690075
15,15,-0.042527936398983,0.03840376436710358,0.6777271226708259,1.0,"15: transportation, signage, rides, wayfinding, trips, lyft, trip, booktheride, maps, portal","transportation, signage, rides, wayfinding, trips, lyft, trip, booktheride, maps, portal",-0.07200605560897075
8,20,-0.05643050577491522,-0.039632732048630714,0.3769875766715539,1.0,"8: downtown, commute, fare, trip, littleton, route, waltham, cost, shuttle, cheaper","downtown, commute, fare, trip, littleton, route, waltham, cost, shuttle, cheaper",-0.09554515175036943
26,12,-0.0587653413725396,0.0007577231153845787,0.45025356451018755,1.0,"26: schedule, trainsets, scheduled, weekday, routes, spring, june, april, transitmatters, trips","schedule, trainsets, scheduled, weekday, routes, spring, june, april, transitmatters, trips",-0.09949837205955814
13,16,-0.09346736501902342,-0.16339050978422165,0.37808625640965016,1.0,"13: amtrak, locomotives, infrastructure, stations, metrolink, electrification, planning, catenary, corridor, platforms","amtrak, locomotives, infrastructure, stations, metrolink, electrification, planning, catenary, corridor, platforms",-0.15825400555632677
24,13,-0.0971566943021921,0.030999794602394104,0.536529255461985,1.0,"24: buses, lanes, traffic, everett, somerville, corridor, redevelopment, lynnway, lane, street","buses, lanes, traffic, everett, somerville, corridor, redevelopment, lynnway, lane, street",-0.1645005830302811
16,14,-0.12098643556237221,-0.09153962880373001,0.604508379699988,1.0,"16: transportation, buses, travel, moving, nyc, la, city, dc, optimistic, montreal","transportation, buses, travel, moving, nyc, la, city, dc, optimistic, montreal",-0.204847842258428
51,6,-0.14292958130439123,-0.2959195226430893,0.4937204355364819,1.0,"51: downtown, buses, stations, tunnel, elevator, shuttle, maps, grove, north, lines","downtown, buses, stations, tunnel, elevator, shuttle, maps, grove, north, lines",-0.2420008176041435
44,7,-0.16586586566908018,-0.04373530298471451,0.35567025276564707,1.0,"44: schedules, schedule, timetable, weekday, stations, weekends, weekend, bedford, taunton, providence","schedules, schedule, timetable, weekday, stations, weekends, weekend, bedford, taunton, providence",-0.28083532280873774
28,10,-0.18567339964210988,-0.263323649764061,0.30500623594966364,1.0,"28: cape, coast, middleboro, provincetown, berths, south, cost, lakeville, concord, expansion","cape, coast, middleboro, provincetown, berths, south, cost, lakeville, concord, expansion",-0.3143723931090183
17,13,-0.2475069761276245,-0.754571259021759,0.7507176573943872,1.0,"17: cars, traintracker, car, rl, seats, fleet, retrospective, overhauled, 1700, crrc","cars, traintracker, car, rl, seats, fleet, retrospective, overhauled, 1700, crrc",-0.4190657387994052
53,6,-0.30828989545504254,-0.4124390035867691,0.5509948715453258,1.0,"53: track, crrc, improvement, malfunctioning, issues, cars, colors, broken, doors, tracker","track, crrc, improvement, malfunctioning, issues, cars, colors, broken, doors, tracker",-0.5219801672848255
31,10,-0.31527728736400606,-0.37141820788383484,0.43452512603632854,1.0,"31: bbb, heat, safety, stations, passengers, temperatures, hot, concerns, safe, advisory","bbb, heat, safety, stations, passengers, temperatures, hot, concerns, safe, advisory",-0.5338108501949546
2,31,-0.32129794239036497,-0.24411864578723907,0.2970047311949712,1.0,"2: fiscal, transportation, funding, budget, massachusetts, financial, deficit, funds, fares, fund","fiscal, transportation, funding, budget, massachusetts, financial, deficit, funds, fares, fund",-0.5440047052779582
18,13,-0.3340667234017299,-0.48515599966049194,0.43656392099515545,1.0,"18: contract, partnership, stations, future, procure, rfp, fleet, stock, metrolinx, 2028","contract, partnership, stations, future, procure, rfp, fleet, stock, metrolinx, 2028",-0.5656241308465381
12,17,-0.34465089265037985,-0.20601002871990204,0.39629657749426117,1.0,"12: top_5_best_and_worst_bus_routes, top_5_best_and_worst_bus_routes_you_ever_rode, best_and_worst_commuter_rail_line, worst_overall_commuter_rail_line, routes, busiest, worst, areas, stations, area","top_5_best_and_worst_bus_routes, top_5_best_and_worst_bus_routes_you_ever_rode, best_and_worst_commuter_rail_line, worst_overall_commuter_rail_line, routes, busiest, worst, areas, stations, area",-0.5835446871684591
49,6,-0.34854704203704995,-0.345380075275898,0.3430222512413419,1.0,"49: parking, mbta_parking, _parking, park, garage, garages, weekday, friday, trip, portland","parking, mbta_parking, _parking, park, garage, garages, weekday, friday, trip, portland",-0.5901414415175399
41,8,-0.35893121547997,-0.33619382232427597,0.32605333254029645,1.0,"41: glx, somerville, delays, stations, tufts, traffic, cambridgeday, branches, central, branch","glx, somerville, delays, stations, tufts, traffic, cambridgeday, branches, central, branch",-0.6077233755048654
32,9,-0.3648192154036628,-0.5113983154296875,0.43792841289893025,1.0,"32: providence, amtrak, delays, delayed, track, schedules, franklin, arrival, maintenance, signal","providence, amtrak, delays, delayed, track, schedules, franklin, arrival, maintenance, signal",-0.6176926259748031
47,7,-0.38540382044655935,-0.5412169694900513,0.4626264255358332,1.0,"47: braintree, speeds, traveling, branch, journey, mph, immediately, 6am, redline, around","braintree, speeds, traveling, branch, journey, mph, immediately, 6am, redline, around",-0.6525453919661234
-1,386,-0.398565237366937,-0.530384749174118,0.4861641254691391,1.0,-1: Outlier,Outlier,-0.6748296079170347
38,8,-0.4070171434432268,-0.5217555910348892,0.44959204359719385,1.0,"38: track, tracks, arriving, schedule, passengers, minutes, missed, stopping, morning, suffolk","track, tracks, arriving, schedule, passengers, minutes, missed, stopping, morning, suffolk",-0.6891399288604624
46,7,-0.43905643267290934,-0.5724800229072571,0.5602399650996215,1.0,"46: buses, driving, parked, sidewalk, driver, vehicles, drive, drivers, lane, stops","buses, driving, parked, sidewalk, driver, vehicles, drive, drivers, lane, stops",-0.7433871610868439
29,10,-0.44449267685413363,-0.5440324544906616,0.3603844977848644,1.0,"29: fares, fare, evaders, enforcement, enforce, evade, riding, bikes, pay, paying","fares, fare, evaders, enforcement, enforce, evade, riding, bikes, pay, paying",-0.7525915225951193
25,12,-0.44787558416525525,-0.48845964670181274,0.43264667068982565,1.0,"25: bostonglobe, jfk, trashing, incidents, ground, trash, south, crime, parades, rusted","bostonglobe, jfk, trashing, incidents, ground, trash, south, crime, parades, rusted",-0.7583192825710404
39,8,-0.4600810371339321,-0.7974681556224823,0.6868823661450925,1.0,"39: shutdown, shutting, down, alewife, rant, rants, reverting, today, complaining, day","shutdown, shutting, down, alewife, rant, rants, reverting, today, complaining, day",-0.7789849108524127
10,20,-0.46453975047916174,-0.5572770833969116,0.31517513102995287,1.0,"10: outage, delays, surge, signal, signals, overhead, shutdown, channel, wire, wires","outage, delays, surge, signal, signals, overhead, shutdown, channel, wire, wires",-0.7865341687818133
52,6,-0.48778677980105084,-0.5023360252380371,0.32259349865931863,1.0,"52: i_get_why_they_want_people_at_north_station_to, ticket, scan, scanning, tickets, forded, arrive, pointless, north, deactivate","i_get_why_they_want_people_at_north_station_to, ticket, scan, scanning, tickets, forded, arrive, pointless, north, deactivate",-0.8258948109345642
34,9,-0.4883676850133472,-0.5652755498886108,0.3332498896918887,1.0,"34: lost, finding, backpack, northbound, locations, replaced, saw, bag, library, wallet","lost, finding, backpack, northbound, locations, replaced, saw, bag, library, wallet",-0.8268783689569363
23,13,-0.4920831150733508,-0.5520862936973572,0.24919082567600465,1.0,"23: passengers, doors, door, conductor, conductors, boarding, people, waiting, cars, manned","passengers, doors, door, conductor, conductors, boarding, people, waiting, cars, manned",-0.833169138887599
0,63,-0.4974731525021886,-0.598681628704071,0.34677433075463787,1.0,"0: card, charliecard, payment, cards, bank, debit, transaction, pay, wallet, ticket","card, charliecard, payment, cards, bank, debit, transaction, pay, wallet, ticket",-0.8422952655633483
9,20,-0.5018509671092033,-0.7511116564273834,0.498328688620799,1.0,"9: complaint, service, petition, frustrated, commonwealthmagazine, care, opinion, gm, heres, this","complaint, service, petition, frustrated, commonwealthmagazine, care, opinion, gm, heres, this",-0.8497075500222294
45,7,-0.5076262440000262,-0.562698483467102,0.3426696567978215,1.0,"45: seating, seats, seat, seaters, sit, entitlement, standing, stand, arriving, bags","seating, seats, seat, seaters, sit, entitlement, standing, stand, arriving, bags",-0.8594859438068793
42,7,-0.5314844591276986,-0.6990100741386414,0.27944583030920145,1.0,"42: headways, headway, stops, slow, inconsistent, causing, swaying, sway, dispatchers, zones","headways, headway, stops, slow, inconsistent, causing, swaying, sway, dispatchers, zones",-0.8998814134834904
5,26,-0.5556892999089681,-0.7189158499240875,0.3198664922144632,1.0,"5: passenger, assaulted, harassing, emergency, situation, violence, unsafe, yelling, stop, driver","passenger, assaulted, harassing, emergency, situation, violence, unsafe, yelling, stop, driver",-0.9408637714081992
40,8,-0.557150961831212,-0.6575450301170349,0.33997741252890584,1.0,"40: delay, robbery, lyft, track, park, street, waiting, destination, minutes, police","delay, robbery, lyft, track, park, street, waiting, destination, minutes, police",-0.9433385801707784
21,13,-0.5673250200656744,-0.6809027194976807,0.3538708036732141,1.0,"21: schedules, schedule, coast, plans, commute, weekend, moving, shift, staffing, proposed","schedules, schedule, coast, plans, commute, weekend, moving, shift, staffing, proposed",-0.9605647581853111
27,11,-0.5746292810548436,-0.8470464944839478,0.3846584220916305,1.0,"27: disruption, go_ahead_shut_down_the_orange_line_and_13_of_the, track, signal, tracks, tolls, signals, borderline, disrupt, infrastructure","disruption, go_ahead_shut_down_the_orange_line_and_13_of_the, track, signal, tracks, tolls, signals, borderline, disrupt, infrastructure",-0.9729319470851968
19,13,-0.5847770346758457,-0.678309440612793,0.26674855633478634,1.0,"19: delays, delayed, shortages, shortage, disabled, patience, deliveries, availability, crew, due","delays, delayed, shortages, shortage, disabled, patience, deliveries, availability, crew, due",-0.9901135875176137
1,41,-0.5855197062397876,-0.6912519931793213,0.3340628425268446,1.0,"1: passengers, park, fenway, street, track, shuttle, st, union, delayed, outbound","passengers, park, fenway, street, track, shuttle, st, union, delayed, outbound",-0.9913710397821838
7,21,-0.5896978896288645,-0.7181348204612732,0.271936955802959,1.0,"7: buses, traffic, schedule, hour, stops, minutes, arrive, minute, outbound, waiting","buses, traffic, schedule, hour, stops, minutes, arrive, minute, outbound, waiting",-0.9984453192072618
4,26,-0.5950534773560671,-0.779822826385498,0.4994322899168582,1.0,"4: tracks, disruption, safety, delays, forest, speed, mph, hills, flats, horrible","tracks, disruption, safety, delays, forest, speed, mph, hills, flats, horrible",-1.0075131174678162
3,31,-0.6045635006120128,-0.6472975611686707,0.22207637152879767,1.0,"3: delays, delay, redline, signals, signal, delayed, slow, quincy, slower, jfk","delays, delay, redline, signals, signal, delayed, slow, quincy, slower, jfk",-1.0236149865306803
11,17,-0.6090351706918549,-0.671737790107727,0.25745544150292665,1.0,"11: buses, shuttles, shuttle, express, boarding, scheduling, traffic, crowded, shutdowns, benches","buses, shuttles, shuttle, express, boarding, scheduling, traffic, crowded, shutdowns, benches",-1.0311861821187591
6,25,-0.6354170203208923,-0.7661733031272888,0.3263773893322581,1.0,"6: delays, delayed, 5pm, schedule, 50am, worcester, late, minutes, travel, arrival","delays, delayed, 5pm, schedule, 50am, worcester, late, minutes, travel, arrival",-1.0758545364361203
54,6,-0.6474121287465096,-0.7197735011577606,0.2818252514530118,1.0,"54: newburyport, delays, delay, drawbridge, rockport, tracks, 05pm, 48am, bridge, late","newburyport, delays, delay, drawbridge, rockport, tracks, 05pm, 48am, bridge, late",-1.096164020447465
22,13,-0.660163212281007,-0.6726800799369812,0.20559141840812775,1.0,"22: escalator, escalators, stairs, elevators, elevator, porter, steps, quincy, keyswitch, crooked","escalator, escalators, stairs, elevators, elevator, porter, steps, quincy, keyswitch, crooked",-1.1177534815829837
37,8,-0.6932016983628273,-0.7722789645195007,0.2056223367828955,1.0,"37: lowell, schedule, 5am, delays, 9am, hour, morning, late, cancellations, early","lowell, schedule, 5am, delays, 9am, hour, morning, late, cancellations, early",-1.1736925011423867
20,13,-0.702563383258306,-0.7969416379928589,0.2949106521725961,1.0,"20: noise, beeping, squealing, passengers, annoying, ears, annoyed, yelling, squeal, loud","noise, beeping, squealing, passengers, annoying, ears, annoyed, yelling, squeal, loud",-1.1895432115284572
14,15,-0.709931472937266,-0.7419444918632507,0.18106261057965492,1.0,"14: fitchburg, delays, delayed, freight, track, lincoln, late, belmont, wednesdays, schedule","fitchburg, delays, delayed, freight, track, lincoln, late, belmont, wednesdays, schedule",-1.202018471794501
43,7,-0.8027047429765973,-0.8859632015228271,0.18606226363953737,1.0,"43: odor, smelling, fumes, smell, ventilation, smelled, smells, environmental, smoke, nostrils","odor, smelling, fumes, smell, ventilation, smelled, smells, environmental, smoke, nostrils",-1.3590972723929213
